{
  "perspective_correction": {
    "source_points": [
      [
        100,
        100
      ],
      [
        700,
        100
      ],
      [
        700,
        500
      ],
      [
        100,
        500
      ]
    ],
    "target_points": [
      [
        0,
        0
      ],
      [
        800,
        0
      ],
      [
        800,
        400
      ],
      [
        0,
        400
      ]
    ],
    "transform_matrix": [
      [
        1.3333333333333335,
        2.0099262508092797e-17,
        -133.33333333333334
      ],
      [
        0.0,
        1.0,
        -100.0
      ],
      [
        1.8373102603600632e-19,
        2.0898315757650022e-20,
        1.0
      ]
    ],
    "inverse_matrix": [
      [
        0.75,
        0.0,
        100.0
      ],
      [
        0.0,
        1.0,
        100.0
      ],
      [
        0.0,
        0.0,
        1.0
      ]
    ],
    "correction_quality":
