{
  "camera_matrix": [
    [
      3072.0,
      0.0,
      1920.0
    ],
    [
      0.0,
      3072.0,
      1080.0
    ],
    [
      0.0,
      0.0,
      1.0
    ]
  ],
  "distortion_coefficients": [
    [
      0.16800887594594724
    ],
    [
      -0.2979376645280994
    ],
    [
      0.0
    ],
    [
      0.0
    ]
  ],
  "resolution": [
    3840,
    2160
  ],
  "calibration_error": 7.43280305335411,
  "calibration_date": "2025-10-21T22:35:23.542343"
}
